TDSFU Daily run: Sun Oct 19 04:52:00 UTC 2025 TDSFU
TDSFU Daily run: Mon Oct 20 04:46:27 UTC 2025 TDSFU
TDSFU Daily run: Tue Oct 21 04:44:53 UTC 2025 TDSFU
TDSFU Daily run: Wed Oct 22 04:46:26 UTC 2025 TDSFU
TDSFU Daily run: Thu Oct 23 04:45:14 UTC 2025 TDSFU
TDSFU Daily run: Fri Oct 24 04:43:23 UTC 2025 TDSFU
TDSFU Daily run: Sat Oct 25 04:42:08 UTC 2025 TDSFU
TDSFU Daily run: Sun Oct 26 04:43:08 UTC 2025 TDSFU
TDSFU Daily run: Mon Oct 27 04:52:54 UTC 2025 TDSFU
TDSFU Daily run: Tue Oct 28 04:46:18 UTC 2025 TDSFU
TDSFU Daily run: Wed Oct 29 04:50:25 UTC 2025 TDSFU
TDSFU Daily run: Thu Oct 30 04:45:13 UTC 2025 TDSFU
TDSFU Daily run: Fri Oct 31 04:58:15 UTC 2025 TDSFU
TDSFU Daily run: Sat Nov  1 04:41:15 UTC 2025 TDSFU
TDSFU Daily run: Sun Nov  2 04:44:53 UTC 2025 TDSFU
TDSFU Daily run: Mon Nov  3 04:42:18 UTC 2025 TDSFU
TDSFU Daily run: Tue Nov  4 04:36:01 UTC 2025 TDSFU
TDSFU Daily run: Wed Nov  5 04:36:37 UTC 2025 TDSFU
TDSFU Daily run: Thu Nov  6 04:42:01 UTC 2025 TDSFU
TDSFU Daily run: Fri Nov  7 04:36:06 UTC 2025 TDSFU
TDSFU Daily run: Sat Nov  8 04:34:52 UTC 2025 TDSFU
TDSFU Daily run: Sun Nov  9 04:34:46 UTC 2025 TDSFU
TDSFU Daily run: Mon Nov 10 04:40:47 UTC 2025 TDSFU
TDSFU Daily run: Tue Nov 11 04:38:57 UTC 2025 TDSFU
TDSFU Daily run: Wed Nov 12 04:38:51 UTC 2025 TDSFU
TDSFU Daily run: Thu Nov 13 04:40:10 UTC 2025 TDSFU
TDSFU Daily run: Fri Nov 14 04:37:04 UTC 2025 TDSFU
TDSFU Daily run: Sat Nov 15 04:34:52 UTC 2025 TDSFU
TDSFU Daily run: Sun Nov 16 04:39:29 UTC 2025 TDSFU
TDSFU Daily run: Mon Nov 17 04:41:11 UTC 2025 TDSFU
TDSFU Daily run: Tue Nov 18 04:38:06 UTC 2025 TDSFU
TDSFU Daily run: Wed Nov 19 04:38:28 UTC 2025 TDSFU
TDSFU Daily run: Thu Nov 20 04:36:10 UTC 2025 TDSFU
TDSFU Daily run: Fri Nov 21 04:38:05 UTC 2025 TDSFU
TDSFU Daily run: Sat Nov 22 04:34:33 UTC 2025 TDSFU
TDSFU Daily run: Sun Nov 23 04:46:05 UTC 2025 TDSFU
TDSFU Daily run: Mon Nov 24 04:47:05 UTC 2025 TDSFU
TDSFU Daily run: Tue Nov 25 04:41:22 UTC 2025 TDSFU
TDSFU Daily run: Wed Nov 26 04:41:38 UTC 2025 TDSFU
TDSFU Daily run: Thu Nov 27 04:39:02 UTC 2025 TDSFU
TDSFU Daily run: Fri Nov 28 04:38:54 UTC 2025 TDSFU
TDSFU Daily run: Sat Nov 29 04:37:29 UTC 2025 TDSFU
TDSFU Daily run: Sun Nov 30 04:47:13 UTC 2025 TDSFU
TDSFU Daily run: Mon Dec  1 04:58:12 UTC 2025 TDSFU
TDSFU Daily run: Tue Dec  2 04:44:23 UTC 2025 TDSFU
TDSFU Daily run: Wed Dec  3 04:42:32 UTC 2025 TDSFU
TDSFU Daily run: Thu Dec  4 04:44:32 UTC 2025 TDSFU
TDSFU Daily run: Fri Dec  5 04:44:06 UTC 2025 TDSFU
TDSFU Daily run: Sat Dec  6 04:35:54 UTC 2025 TDSFU
